NurseID,NurseName,Department,Phone,Address,DOB
N000001,Nurse_1,ICU,4019241997,"538 Nurse St, City_6",1974-10-09
N000002,Nurse_2,Pediatrics,3785337341,"217 Nurse St, City_56",1986-11-26
N000003,Nurse_3,General,7849461476,"254 Nurse St, City_63",1962-06-24
N000004,Nurse_4,Pediatrics,8945653056,"505 Nurse St, City_57",1978-01-13
N000005,Nurse_5,ICU,5929044825,"761 Nurse St, City_55",1991-03-26
N000006,Nurse_6,ICU,3847640673,"131 Nurse St, City_22",1982-06-07
N000007,Nurse_7,ICU,5291334010,"177 Nurse St, City_6",1966-05-26
N000008,Nurse_8,ER,2339889413,"237 Nurse St, City_74",1961-03-07
N000009,Nurse_9,ICU,1306863934,"603 Nurse St, City_29",1983-02-12
N000010,Nurse_10,Pediatrics,8429773781,"722 Nurse St, City_24",1987-03-22
N000011,Nurse_11,Surgery,6017664200,"232 Nurse St, City_28",1963-07-24
N000012,Nurse_12,Pediatrics,8022499299,"301 Nurse St, City_94",1977-11-19
N000013,Nurse_13,ICU,2272797294,"292 Nurse St, City_84",1986-01-04
N000014,Nurse_14,General,5965554488,"789 Nurse St, City_28",1982-11-15
N000015,Nurse_15,ICU,5683178566,"252 Nurse St, City_23",1995-04-15
N000016,Nurse_16,ER,2102802948,"827 Nurse St, City_81",1997-08-29
N000017,Nurse_17,Surgery,8174367487,"435 Nurse St, City_73",1970-09-25
N000018,Nurse_18,ER,6011539969,"289 Nurse St, City_48",1997-08-10
N000019,Nurse_19,ER,6268281100,"548 Nurse St, City_98",1985-10-30
N000020,Nurse_20,Pediatrics,7398287847,"762 Nurse St, City_59",1985-03-11
N000021,Nurse_21,ICU,6796910760,"108 Nurse St, City_39",1978-03-10
N000022,Nurse_22,General,7733562986,"410 Nurse St, City_54",1967-06-22
N000023,Nurse_23,ICU,8526804838,"350 Nurse St, City_35",1983-09-26
N000024,Nurse_24,General,4316282481,"888 Nurse St, City_97",1978-02-19
N000025,Nurse_25,ICU,4151799051,"222 Nurse St, City_69",1968-08-05
N000026,Nurse_26,Surgery,4178075426,"847 Nurse St, City_50",1961-09-26
N000027,Nurse_27,Surgery,8817893274,"801 Nurse St, City_46",1984-12-08
N000028,Nurse_28,General,2328496213,"234 Nurse St, City_17",1996-01-11
N000029,Nurse_29,ICU,8209658373,"792 Nurse St, City_28",1974-03-22
N000030,Nurse_30,Surgery,5946310273,"719 Nurse St, City_34",1974-08-21
N000031,Nurse_31,Surgery,3605685797,"795 Nurse St, City_85",1963-10-23
N000032,Nurse_32,ICU,2264815991,"500 Nurse St, City_71",1985-05-04
N000033,Nurse_33,Pediatrics,3264780340,"366 Nurse St, City_74",1976-11-22
N000034,Nurse_34,General,3615049241,"905 Nurse St, City_16",1986-10-20
N000035,Nurse_35,General,4862267203,"522 Nurse St, City_87",1988-05-20
N000036,Nurse_36,General,3561573688,"557 Nurse St, City_3",1971-04-21
N000037,Nurse_37,Pediatrics,4879688276,"784 Nurse St, City_82",1960-02-29
N000038,Nurse_38,Surgery,5986986984,"783 Nurse St, City_79",1974-04-21
N000039,Nurse_39,Surgery,2529836807,"849 Nurse St, City_45",1983-12-24
N000040,Nurse_40,Surgery,2741521335,"383 Nurse St, City_92",1991-07-30
N000041,Nurse_41,ER,7780128259,"908 Nurse St, City_23",1968-11-10
N000042,Nurse_42,ICU,8908540076,"454 Nurse St, City_57",1992-02-17
N000043,Nurse_43,ICU,8549995465,"233 Nurse St, City_83",1990-08-10
N000044,Nurse_44,Pediatrics,6830012761,"289 Nurse St, City_88",1979-07-18
N000045,Nurse_45,General,8809202148,"979 Nurse St, City_54",1960-01-26
N000046,Nurse_46,Surgery,4068653401,"541 Nurse St, City_11",1969-12-18
N000047,Nurse_47,ER,7872073508,"112 Nurse St, City_20",1964-11-20
N000048,Nurse_48,ICU,4246799121,"782 Nurse St, City_54",1971-08-06
N000049,Nurse_49,ER,7741886505,"156 Nurse St, City_45",1988-07-14
N000050,Nurse_50,ICU,3904600237,"696 Nurse St, City_83",1988-12-27
N000051,Nurse_51,ICU,5033069825,"984 Nurse St, City_41",1986-07-06
N000052,Nurse_52,ER,5744297492,"402 Nurse St, City_45",1966-07-09
N000053,Nurse_53,ER,3800203379,"353 Nurse St, City_17",1976-06-17
N000054,Nurse_54,Pediatrics,7938285987,"604 Nurse St, City_81",1978-12-17
N000055,Nurse_55,Pediatrics,7180529255,"424 Nurse St, City_45",1972-06-08
N000056,Nurse_56,Pediatrics,1860840057,"486 Nurse St, City_66",1975-04-07
N000057,Nurse_57,Pediatrics,3732800285,"828 Nurse St, City_85",1980-08-12
N000058,Nurse_58,Pediatrics,2742287412,"923 Nurse St, City_44",1960-07-05
N000059,Nurse_59,ICU,4684040028,"161 Nurse St, City_9",1960-01-27
N000060,Nurse_60,ICU,8959871665,"588 Nurse St, City_14",1974-01-09
N000061,Nurse_61,Surgery,1020459533,"462 Nurse St, City_55",1992-10-22
N000062,Nurse_62,Pediatrics,6717778452,"328 Nurse St, City_22",1973-12-16
N000063,Nurse_63,General,1668703175,"877 Nurse St, City_48",1966-12-03
N000064,Nurse_64,ER,2424932090,"446 Nurse St, City_15",1972-11-12
N000065,Nurse_65,ER,1140177471,"588 Nurse St, City_1",1998-02-06
N000066,Nurse_66,Surgery,7309543590,"556 Nurse St, City_31",1974-07-15
N000067,Nurse_67,Pediatrics,6820341175,"532 Nurse St, City_78",1964-10-29
N000068,Nurse_68,General,9142850849,"476 Nurse St, City_62",1987-05-08
N000069,Nurse_69,Pediatrics,6255082923,"743 Nurse St, City_69",1986-12-20
N000070,Nurse_70,ER,4483537101,"856 Nurse St, City_67",1995-11-07
N000071,Nurse_71,Pediatrics,7827712319,"254 Nurse St, City_25",1988-03-29
N000072,Nurse_72,General,9789726972,"650 Nurse St, City_75",1999-09-01
N000073,Nurse_73,ICU,6042935226,"934 Nurse St, City_83",1965-11-18
N000074,Nurse_74,ICU,6452628501,"229 Nurse St, City_25",1979-10-11
N000075,Nurse_75,General,9021757340,"692 Nurse St, City_57",1981-03-25
N000076,Nurse_76,Pediatrics,5561785236,"575 Nurse St, City_47",1972-05-19
N000077,Nurse_77,ER,3393972331,"232 Nurse St, City_76",1969-06-21
N000078,Nurse_78,ER,3865586798,"748 Nurse St, City_38",1961-03-13
N000079,Nurse_79,General,5415198700,"174 Nurse St, City_16",1976-03-28
N000080,Nurse_80,ER,9875239162,"914 Nurse St, City_94",1960-11-24
N000081,Nurse_81,General,8675979060,"904 Nurse St, City_66",1981-02-26
N000082,Nurse_82,Pediatrics,2238426834,"164 Nurse St, City_75",1990-09-01
N000083,Nurse_83,Pediatrics,3009729103,"550 Nurse St, City_57",1975-04-19
N000084,Nurse_84,Surgery,1637485445,"787 Nurse St, City_19",1977-08-29
N000085,Nurse_85,Surgery,4105331426,"873 Nurse St, City_10",1985-09-30
N000086,Nurse_86,Surgery,7608187136,"992 Nurse St, City_65",1967-01-13
N000087,Nurse_87,ICU,5657201407,"893 Nurse St, City_83",1962-04-12
N000088,Nurse_88,Surgery,3260321963,"189 Nurse St, City_4",1977-02-14
N000089,Nurse_89,General,2550169287,"896 Nurse St, City_47",1998-09-23
N000090,Nurse_90,General,2254028815,"263 Nurse St, City_20",1960-04-29
N000091,Nurse_91,General,9551700192,"392 Nurse St, City_80",1974-05-13
N000092,Nurse_92,General,8590944937,"838 Nurse St, City_95",1990-12-18
N000093,Nurse_93,ER,8092362538,"156 Nurse St, City_1",1998-04-21
N000094,Nurse_94,ER,8052407902,"356 Nurse St, City_90",1969-07-01
N000095,Nurse_95,ER,1103573234,"945 Nurse St, City_8",1993-01-01
N000096,Nurse_96,ER,4485322145,"636 Nurse St, City_56",1980-01-01
N000097,Nurse_97,Surgery,3157847848,"139 Nurse St, City_53",1982-11-03
N000098,Nurse_98,ICU,7510822314,"509 Nurse St, City_100",1967-03-15
N000099,Nurse_99,ICU,5279252136,"457 Nurse St, City_32",1980-01-24
N000100,Nurse_100,Surgery,1373873400,"247 Nurse St, City_45",1985-05-07
N000101,Nurse_101,General,9103895290,"169 Nurse St, City_81",1977-04-25
N000102,Nurse_102,General,1321267228,"923 Nurse St, City_75",1989-02-04
N000103,Nurse_103,ICU,3999076097,"820 Nurse St, City_42",1976-09-21
N000104,Nurse_104,General,5599063345,"482 Nurse St, City_12",1999-12-08
N000105,Nurse_105,ICU,2501161496,"395 Nurse St, City_68",1994-11-19
N000106,Nurse_106,ER,8463890264,"570 Nurse St, City_96",1991-02-11
N000107,Nurse_107,Pediatrics,8702976170,"590 Nurse St, City_71",1998-07-17
N000108,Nurse_108,ICU,6654522028,"458 Nurse St, City_58",1961-11-22
N000109,Nurse_109,General,1289932808,"511 Nurse St, City_86",1985-02-21
N000110,Nurse_110,General,3825292258,"618 Nurse St, City_75",1993-08-21
N000111,Nurse_111,Pediatrics,8680946898,"936 Nurse St, City_72",1985-10-27
N000112,Nurse_112,ICU,1148677885,"109 Nurse St, City_56",1981-09-22
N000113,Nurse_113,ER,2568180496,"525 Nurse St, City_24",1971-04-03
N000114,Nurse_114,Surgery,4499555619,"989 Nurse St, City_95",1999-06-20
N000115,Nurse_115,ICU,9233145993,"332 Nurse St, City_82",1963-12-20
N000116,Nurse_116,Pediatrics,3047314202,"874 Nurse St, City_26",1984-12-14
N000117,Nurse_117,ER,7521836045,"260 Nurse St, City_23",1961-10-24
N000118,Nurse_118,ER,8437101742,"833 Nurse St, City_42",1973-08-11
N000119,Nurse_119,Surgery,6271358308,"520 Nurse St, City_27",1991-05-20
N000120,Nurse_120,General,6609542456,"937 Nurse St, City_46",1993-04-10
N000121,Nurse_121,ER,1771409787,"130 Nurse St, City_77",1970-06-29
N000122,Nurse_122,ICU,8448267424,"772 Nurse St, City_77",1968-12-19
N000123,Nurse_123,ER,2664175515,"243 Nurse St, City_90",1970-10-05
N000124,Nurse_124,General,6322813843,"630 Nurse St, City_20",1976-04-20
N000125,Nurse_125,Pediatrics,3047020275,"182 Nurse St, City_10",1969-02-06
N000126,Nurse_126,General,5465242159,"877 Nurse St, City_63",1966-06-24
N000127,Nurse_127,ICU,5667202865,"849 Nurse St, City_81",1965-05-26
N000128,Nurse_128,Surgery,2154120902,"794 Nurse St, City_87",1997-01-10
N000129,Nurse_129,Surgery,2111572883,"354 Nurse St, City_90",1965-06-04
N000130,Nurse_130,Surgery,2280072746,"713 Nurse St, City_35",1982-08-12
N000131,Nurse_131,ER,7859617271,"421 Nurse St, City_98",1990-12-18
N000132,Nurse_132,Pediatrics,2479385147,"570 Nurse St, City_62",1986-10-06
N000133,Nurse_133,Surgery,6093234083,"273 Nurse St, City_1",1995-03-18
N000134,Nurse_134,ICU,5556640963,"796 Nurse St, City_32",1983-08-31
N000135,Nurse_135,ER,6844625248,"239 Nurse St, City_64",1995-07-22
N000136,Nurse_136,ICU,9015508275,"962 Nurse St, City_53",1964-06-26
N000137,Nurse_137,ER,6419798079,"128 Nurse St, City_20",1966-07-02
N000138,Nurse_138,ICU,5609129246,"902 Nurse St, City_69",1961-05-15
N000139,Nurse_139,ICU,9606883025,"858 Nurse St, City_35",1985-01-06
N000140,Nurse_140,Surgery,3620778998,"428 Nurse St, City_60",1996-07-09
N000141,Nurse_141,ER,5266258596,"262 Nurse St, City_21",1964-03-16
N000142,Nurse_142,General,1732827531,"435 Nurse St, City_50",1981-01-19
N000143,Nurse_143,General,9547959873,"125 Nurse St, City_11",1983-03-06
N000144,Nurse_144,ICU,9254711055,"424 Nurse St, City_82",1977-12-19
N000145,Nurse_145,ICU,8506509802,"733 Nurse St, City_77",1966-06-27
N000146,Nurse_146,Pediatrics,1342654876,"420 Nurse St, City_20",1973-12-21
N000147,Nurse_147,ICU,7367157797,"212 Nurse St, City_17",1971-09-27
N000148,Nurse_148,General,3259018239,"445 Nurse St, City_36",1985-05-01
N000149,Nurse_149,Surgery,3228308011,"739 Nurse St, City_59",1980-03-31
N000150,Nurse_150,General,1825831468,"710 Nurse St, City_14",1975-02-20
N000151,Nurse_151,General,8184033526,"910 Nurse St, City_77",1967-06-06
N000152,Nurse_152,Pediatrics,2065141687,"957 Nurse St, City_98",1962-08-26
N000153,Nurse_153,General,8450423117,"757 Nurse St, City_61",1972-12-04
N000154,Nurse_154,ER,4592042220,"786 Nurse St, City_15",1963-07-20
N000155,Nurse_155,Pediatrics,1970195156,"872 Nurse St, City_45",1986-02-03
N000156,Nurse_156,Pediatrics,5427055824,"714 Nurse St, City_78",1967-02-21
N000157,Nurse_157,Surgery,3160705459,"987 Nurse St, City_93",1984-10-02
N000158,Nurse_158,Pediatrics,2312609745,"733 Nurse St, City_25",1994-03-12
N000159,Nurse_159,General,9937978689,"637 Nurse St, City_46",1977-11-12
N000160,Nurse_160,General,1042937042,"674 Nurse St, City_88",1991-11-13
N000161,Nurse_161,ER,8915143381,"762 Nurse St, City_63",1962-05-01
N000162,Nurse_162,Pediatrics,3361634471,"486 Nurse St, City_2",1995-12-09
N000163,Nurse_163,ICU,3665574517,"142 Nurse St, City_49",1984-01-06
N000164,Nurse_164,ER,6900261258,"203 Nurse St, City_81",1988-07-24
N000165,Nurse_165,Surgery,2361462320,"887 Nurse St, City_20",1996-10-06
N000166,Nurse_166,ER,8519496582,"192 Nurse St, City_58",1995-08-25
N000167,Nurse_167,General,9663416317,"589 Nurse St, City_15",1971-09-29
N000168,Nurse_168,ICU,2494580558,"896 Nurse St, City_12",1999-04-14
N000169,Nurse_169,General,6303166122,"585 Nurse St, City_25",1983-04-21
N000170,Nurse_170,ER,2740593446,"641 Nurse St, City_69",1996-11-29
N000171,Nurse_171,ICU,3163090200,"696 Nurse St, City_11",1990-04-27
N000172,Nurse_172,ICU,7455368196,"393 Nurse St, City_57",1970-01-25
N000173,Nurse_173,ICU,3477765726,"154 Nurse St, City_11",1964-07-28
N000174,Nurse_174,ICU,6768974925,"825 Nurse St, City_41",1968-12-06
N000175,Nurse_175,ICU,2649590486,"998 Nurse St, City_89",1996-11-10
N000176,Nurse_176,ER,8121884492,"485 Nurse St, City_52",1969-06-14
N000177,Nurse_177,Pediatrics,8956011722,"883 Nurse St, City_27",1990-09-17
N000178,Nurse_178,General,4618990161,"710 Nurse St, City_13",1973-04-30
N000179,Nurse_179,ER,4811676596,"691 Nurse St, City_100",1992-09-14
N000180,Nurse_180,Pediatrics,8020340098,"785 Nurse St, City_95",1985-12-13
N000181,Nurse_181,General,4771233211,"996 Nurse St, City_49",1993-11-10
N000182,Nurse_182,ICU,1970955961,"762 Nurse St, City_25",1980-09-13
N000183,Nurse_183,ICU,7917981417,"209 Nurse St, City_30",1995-10-15
N000184,Nurse_184,ER,2957087021,"275 Nurse St, City_78",1976-04-17
N000185,Nurse_185,Surgery,2729440794,"914 Nurse St, City_80",1967-01-15
N000186,Nurse_186,General,9911131002,"783 Nurse St, City_4",1985-05-06
N000187,Nurse_187,ER,1885365097,"945 Nurse St, City_82",1988-05-09
N000188,Nurse_188,ICU,8042458259,"464 Nurse St, City_13",1986-02-12
N000189,Nurse_189,Surgery,7316659970,"338 Nurse St, City_6",1988-09-27
N000190,Nurse_190,General,6153522897,"647 Nurse St, City_4",1981-07-31
N000191,Nurse_191,ICU,9960278944,"943 Nurse St, City_95",1963-10-13
N000192,Nurse_192,Surgery,8656481976,"443 Nurse St, City_54",1971-07-16
N000193,Nurse_193,ICU,9078206371,"142 Nurse St, City_57",1965-11-15
N000194,Nurse_194,ICU,9120804370,"780 Nurse St, City_8",1983-10-26
N000195,Nurse_195,Surgery,1264905011,"509 Nurse St, City_83",1989-06-05
N000196,Nurse_196,General,7541791119,"168 Nurse St, City_45",1963-10-28
N000197,Nurse_197,ICU,2567808532,"862 Nurse St, City_33",1978-07-26
N000198,Nurse_198,Surgery,7829668507,"214 Nurse St, City_50",1989-11-26
N000199,Nurse_199,Pediatrics,8465009305,"320 Nurse St, City_80",1985-12-29
N000200,Nurse_200,Pediatrics,7021010413,"339 Nurse St, City_45",1981-10-08
N000201,Nurse_201,ER,5347569377,"243 Nurse St, City_17",1976-01-29
N000202,Nurse_202,ER,3598724233,"484 Nurse St, City_87",1960-10-30
N000203,Nurse_203,ER,5130127917,"709 Nurse St, City_11",1972-12-19
N000204,Nurse_204,Surgery,8241428915,"106 Nurse St, City_63",1979-10-19
N000205,Nurse_205,ICU,6018274521,"188 Nurse St, City_42",1994-11-16
N000206,Nurse_206,Surgery,5203592888,"471 Nurse St, City_20",1974-04-20
N000207,Nurse_207,Surgery,6627229611,"222 Nurse St, City_41",1987-09-04
N000208,Nurse_208,ICU,7527641407,"986 Nurse St, City_52",1994-08-27
N000209,Nurse_209,Pediatrics,7215962560,"474 Nurse St, City_17",1981-07-30
N000210,Nurse_210,Pediatrics,1962331942,"986 Nurse St, City_56",1974-07-21
N000211,Nurse_211,General,3160417064,"773 Nurse St, City_58",1968-10-24
N000212,Nurse_212,General,2341054013,"927 Nurse St, City_47",1962-01-23
N000213,Nurse_213,ER,4862594088,"739 Nurse St, City_60",1981-07-24
N000214,Nurse_214,ER,4853974002,"302 Nurse St, City_77",1972-05-28
N000215,Nurse_215,Pediatrics,5796480322,"216 Nurse St, City_11",1979-07-28
N000216,Nurse_216,ICU,9841642918,"418 Nurse St, City_3",1978-11-29
N000217,Nurse_217,ICU,5713067419,"170 Nurse St, City_63",1984-07-26
N000218,Nurse_218,Surgery,8347459047,"609 Nurse St, City_59",1998-06-26
N000219,Nurse_219,Pediatrics,3094737822,"723 Nurse St, City_37",1991-09-19
N000220,Nurse_220,ICU,8764055260,"382 Nurse St, City_11",1971-03-21
N000221,Nurse_221,Pediatrics,4787428731,"218 Nurse St, City_78",1983-12-17
N000222,Nurse_222,General,4239970722,"489 Nurse St, City_33",1965-10-14
N000223,Nurse_223,ICU,9838893037,"169 Nurse St, City_51",1962-10-09
N000224,Nurse_224,General,1801395673,"238 Nurse St, City_36",1968-05-03
N000225,Nurse_225,ER,2907649827,"340 Nurse St, City_54",1964-06-15
N000226,Nurse_226,General,7989919317,"356 Nurse St, City_9",1995-09-29
N000227,Nurse_227,ER,6321091503,"483 Nurse St, City_18",1969-10-23
N000228,Nurse_228,ICU,3837854235,"705 Nurse St, City_13",1977-04-19
N000229,Nurse_229,General,2417761495,"222 Nurse St, City_40",1960-07-04
N000230,Nurse_230,ER,3549501580,"443 Nurse St, City_84",1993-08-11
N000231,Nurse_231,ER,4853346518,"164 Nurse St, City_18",1972-09-30
N000232,Nurse_232,ER,6452901771,"377 Nurse St, City_54",1992-10-08
N000233,Nurse_233,General,1131797732,"778 Nurse St, City_27",1983-06-03
N000234,Nurse_234,ER,1960247193,"737 Nurse St, City_61",1963-04-14
N000235,Nurse_235,ER,4904982676,"914 Nurse St, City_7",1990-05-19
N000236,Nurse_236,General,6568653441,"230 Nurse St, City_27",1985-05-01
N000237,Nurse_237,Surgery,7580139652,"181 Nurse St, City_83",1979-10-20
N000238,Nurse_238,Pediatrics,3053548541,"598 Nurse St, City_77",1987-05-15
N000239,Nurse_239,ICU,5604814148,"317 Nurse St, City_36",1989-04-26
N000240,Nurse_240,General,6262847489,"937 Nurse St, City_3",1969-04-16
N000241,Nurse_241,Surgery,8179287521,"530 Nurse St, City_62",1998-02-17
N000242,Nurse_242,Pediatrics,1228262226,"141 Nurse St, City_53",1974-12-14
N000243,Nurse_243,Pediatrics,8582605705,"100 Nurse St, City_16",1990-02-03
N000244,Nurse_244,Pediatrics,7272903398,"350 Nurse St, City_10",1979-03-20
N000245,Nurse_245,Pediatrics,1027105356,"383 Nurse St, City_40",1996-08-06
N000246,Nurse_246,General,6462571268,"533 Nurse St, City_13",1969-11-15
N000247,Nurse_247,General,9148153047,"708 Nurse St, City_45",1991-01-04
N000248,Nurse_248,Surgery,8281189290,"197 Nurse St, City_55",1997-09-12
N000249,Nurse_249,Pediatrics,4873953426,"343 Nurse St, City_42",1962-02-11
N000250,Nurse_250,Pediatrics,5837603484,"414 Nurse St, City_64",1975-08-08
N000251,Nurse_251,ER,3358551968,"150 Nurse St, City_12",1966-05-08
N000252,Nurse_252,ICU,8867507535,"480 Nurse St, City_46",1997-08-09
N000253,Nurse_253,Pediatrics,1753057872,"226 Nurse St, City_81",1984-07-03
N000254,Nurse_254,Surgery,2987382547,"481 Nurse St, City_67",1987-10-02
N000255,Nurse_255,ER,9491118255,"789 Nurse St, City_86",1998-02-09
N000256,Nurse_256,Pediatrics,6265781455,"684 Nurse St, City_7",1965-08-03
N000257,Nurse_257,Surgery,7901448562,"481 Nurse St, City_14",1960-12-21
N000258,Nurse_258,ER,1317449776,"834 Nurse St, City_9",1983-12-13
N000259,Nurse_259,ICU,4882836593,"720 Nurse St, City_83",1964-03-23
N000260,Nurse_260,ICU,1391337998,"677 Nurse St, City_56",1993-10-06
N000261,Nurse_261,Surgery,8103693225,"811 Nurse St, City_92",1976-09-22
N000262,Nurse_262,ER,6112777747,"458 Nurse St, City_85",1984-09-03
N000263,Nurse_263,General,3578253589,"161 Nurse St, City_81",1999-06-17
N000264,Nurse_264,Surgery,1515898348,"761 Nurse St, City_27",1999-11-23
N000265,Nurse_265,ER,3967081420,"128 Nurse St, City_56",1969-05-18
N000266,Nurse_266,General,1683700277,"138 Nurse St, City_95",1965-05-13
N000267,Nurse_267,Surgery,7968189067,"777 Nurse St, City_25",1966-02-25
N000268,Nurse_268,Surgery,8640659593,"216 Nurse St, City_36",1996-04-26
N000269,Nurse_269,General,7029692306,"449 Nurse St, City_77",1968-03-24
N000270,Nurse_270,Surgery,2114670332,"506 Nurse St, City_68",1979-04-30
N000271,Nurse_271,ICU,6993777921,"935 Nurse St, City_57",1963-09-07
N000272,Nurse_272,ER,8179739564,"183 Nurse St, City_19",1977-05-04
N000273,Nurse_273,ICU,4967737046,"938 Nurse St, City_35",1966-01-04
N000274,Nurse_274,ICU,3601750572,"621 Nurse St, City_85",1972-01-09
N000275,Nurse_275,Surgery,8107981692,"526 Nurse St, City_42",1975-04-12
N000276,Nurse_276,General,4035279894,"774 Nurse St, City_25",1970-03-25
N000277,Nurse_277,ER,2040457502,"486 Nurse St, City_43",1970-02-01
N000278,Nurse_278,Surgery,1544096651,"179 Nurse St, City_37",1965-05-01
N000279,Nurse_279,ER,1800903571,"999 Nurse St, City_67",1989-03-30
N000280,Nurse_280,ICU,8099711651,"443 Nurse St, City_44",1991-05-01
N000281,Nurse_281,General,9991081211,"285 Nurse St, City_15",1976-04-02
N000282,Nurse_282,ICU,3887670781,"363 Nurse St, City_67",1978-05-31
N000283,Nurse_283,General,8851780381,"343 Nurse St, City_78",1982-04-16
N000284,Nurse_284,ER,4298021960,"279 Nurse St, City_34",1980-08-28
N000285,Nurse_285,Surgery,4847735766,"326 Nurse St, City_88",1980-10-06
N000286,Nurse_286,ICU,2361247834,"212 Nurse St, City_72",1970-08-06
N000287,Nurse_287,ER,6881472793,"726 Nurse St, City_88",1964-02-25
N000288,Nurse_288,Surgery,1564150239,"149 Nurse St, City_100",1991-10-17
N000289,Nurse_289,Surgery,9451469696,"992 Nurse St, City_25",1993-09-14
N000290,Nurse_290,ICU,2097155825,"307 Nurse St, City_65",1974-03-08
N000291,Nurse_291,ICU,3347181513,"626 Nurse St, City_72",1986-05-10
N000292,Nurse_292,General,2378928021,"465 Nurse St, City_95",1998-01-21
N000293,Nurse_293,Pediatrics,4922388750,"326 Nurse St, City_5",1995-05-29
N000294,Nurse_294,Pediatrics,1182516456,"731 Nurse St, City_41",1990-02-06
N000295,Nurse_295,ICU,8848954397,"709 Nurse St, City_42",1961-01-04
N000296,Nurse_296,General,6585874334,"916 Nurse St, City_28",1987-05-06
N000297,Nurse_297,ER,1936054598,"865 Nurse St, City_60",1968-04-18
N000298,Nurse_298,Pediatrics,7736464517,"880 Nurse St, City_81",1997-03-23
N000299,Nurse_299,Surgery,9168203344,"251 Nurse St, City_65",1987-11-13
N000300,Nurse_300,General,2928769012,"541 Nurse St, City_42",1968-12-11
N000301,Nurse_301,ER,2304017305,"201 Nurse St, City_97",1991-05-30
N000302,Nurse_302,ICU,5395343085,"184 Nurse St, City_74",1978-08-29
N000303,Nurse_303,ICU,2815704487,"825 Nurse St, City_24",1974-07-01
N000304,Nurse_304,ICU,9658860842,"274 Nurse St, City_53",1970-12-15
N000305,Nurse_305,Surgery,6537358229,"487 Nurse St, City_39",1987-11-16
N000306,Nurse_306,ER,6580218014,"897 Nurse St, City_9",1964-03-03
N000307,Nurse_307,General,5370344666,"639 Nurse St, City_24",1980-07-11
N000308,Nurse_308,ER,1595016673,"288 Nurse St, City_70",1962-12-02
N000309,Nurse_309,General,4780066301,"229 Nurse St, City_59",1960-10-30
N000310,Nurse_310,ICU,3620718337,"250 Nurse St, City_59",1980-02-02
N000311,Nurse_311,ER,1486940201,"120 Nurse St, City_5",1967-04-07
N000312,Nurse_312,ICU,8645759547,"899 Nurse St, City_79",1960-01-03
N000313,Nurse_313,Surgery,4139073121,"459 Nurse St, City_37",1986-01-07
N000314,Nurse_314,ICU,7917440666,"395 Nurse St, City_9",1993-10-06
N000315,Nurse_315,General,4185105029,"706 Nurse St, City_9",1960-09-28
N000316,Nurse_316,Pediatrics,8234637915,"874 Nurse St, City_14",1963-03-06
N000317,Nurse_317,Surgery,6158979490,"184 Nurse St, City_1",1964-10-05
N000318,Nurse_318,ICU,3681382742,"832 Nurse St, City_78",1977-01-27
N000319,Nurse_319,Surgery,2884481415,"813 Nurse St, City_66",1962-12-01
N000320,Nurse_320,Surgery,7031979611,"368 Nurse St, City_94",1966-03-09
N000321,Nurse_321,Pediatrics,8258705020,"672 Nurse St, City_47",1999-08-10
N000322,Nurse_322,General,6202048906,"635 Nurse St, City_78",1975-11-15
N000323,Nurse_323,ER,9293484702,"418 Nurse St, City_84",1998-06-19
N000324,Nurse_324,Surgery,9134387203,"653 Nurse St, City_50",1962-03-01
N000325,Nurse_325,ICU,3261826526,"140 Nurse St, City_24",1985-12-17
N000326,Nurse_326,Surgery,2746128671,"618 Nurse St, City_76",1961-07-18
N000327,Nurse_327,Pediatrics,4854046547,"208 Nurse St, City_74",1965-01-20
N000328,Nurse_328,Surgery,5189677654,"593 Nurse St, City_71",1969-12-23
N000329,Nurse_329,General,3807179618,"414 Nurse St, City_20",1979-10-03
N000330,Nurse_330,ER,7713346214,"752 Nurse St, City_62",1989-08-11
N000331,Nurse_331,Surgery,4474759291,"370 Nurse St, City_27",1989-11-13
N000332,Nurse_332,General,4816279519,"894 Nurse St, City_37",1998-04-28
N000333,Nurse_333,General,5510248542,"338 Nurse St, City_63",1996-01-28
N000334,Nurse_334,Pediatrics,3471308179,"719 Nurse St, City_67",1987-06-12
N000335,Nurse_335,Pediatrics,5002222788,"193 Nurse St, City_47",1966-12-20
N000336,Nurse_336,Surgery,5396871144,"155 Nurse St, City_81",1975-01-16
N000337,Nurse_337,Pediatrics,6886179915,"698 Nurse St, City_62",1995-12-12
N000338,Nurse_338,ICU,4321746419,"471 Nurse St, City_37",1967-06-21
N000339,Nurse_339,Surgery,5655935387,"133 Nurse St, City_7",1979-10-01
N000340,Nurse_340,ICU,9992035648,"478 Nurse St, City_45",1974-11-11
N000341,Nurse_341,ER,5269697249,"494 Nurse St, City_77",1960-06-08
N000342,Nurse_342,General,5737854881,"941 Nurse St, City_19",1965-08-07
N000343,Nurse_343,Surgery,6536960092,"711 Nurse St, City_43",1987-09-12
N000344,Nurse_344,ICU,4001236190,"744 Nurse St, City_94",1976-11-13
N000345,Nurse_345,Pediatrics,5301395737,"471 Nurse St, City_67",1984-10-27
N000346,Nurse_346,ICU,5668992885,"664 Nurse St, City_47",1995-11-09
N000347,Nurse_347,ER,8348056352,"565 Nurse St, City_13",1986-10-02
N000348,Nurse_348,ICU,4463311498,"344 Nurse St, City_16",1978-04-01
N000349,Nurse_349,ICU,4875855967,"360 Nurse St, City_9",1999-02-24
N000350,Nurse_350,Surgery,6629870390,"813 Nurse St, City_37",1978-04-27
N000351,Nurse_351,ER,4248706889,"148 Nurse St, City_91",1987-09-30
N000352,Nurse_352,Pediatrics,5550539143,"909 Nurse St, City_50",1971-02-07
N000353,Nurse_353,Surgery,9566392082,"664 Nurse St, City_11",1992-06-24
N000354,Nurse_354,ICU,3201968355,"744 Nurse St, City_81",1974-12-18
N000355,Nurse_355,Surgery,5419581515,"326 Nurse St, City_17",1976-06-02
N000356,Nurse_356,General,9347915411,"610 Nurse St, City_25",1988-07-24
N000357,Nurse_357,ER,2085499076,"771 Nurse St, City_100",1974-01-06
N000358,Nurse_358,ER,4286235526,"263 Nurse St, City_62",1990-12-07
N000359,Nurse_359,General,9660941892,"455 Nurse St, City_72",1983-12-30
N000360,Nurse_360,Surgery,8516735859,"709 Nurse St, City_31",1967-02-24
N000361,Nurse_361,ER,5553129007,"741 Nurse St, City_13",1993-11-01
N000362,Nurse_362,ICU,4562527564,"611 Nurse St, City_93",1998-01-13
N000363,Nurse_363,Surgery,8080845025,"135 Nurse St, City_25",1965-07-04
N000364,Nurse_364,Surgery,6012710308,"453 Nurse St, City_82",1966-12-10
N000365,Nurse_365,ICU,1805118765,"585 Nurse St, City_47",1988-05-12
N000366,Nurse_366,Surgery,3955015845,"822 Nurse St, City_69",1986-06-14
N000367,Nurse_367,General,2802686921,"113 Nurse St, City_28",1986-04-25
N000368,Nurse_368,Surgery,3527179970,"778 Nurse St, City_3",1994-04-22
N000369,Nurse_369,Surgery,3857564875,"887 Nurse St, City_97",1994-08-20
N000370,Nurse_370,General,1853942616,"712 Nurse St, City_7",1964-12-26
N000371,Nurse_371,ICU,2470071908,"687 Nurse St, City_21",1979-12-19
N000372,Nurse_372,Pediatrics,2860631759,"838 Nurse St, City_54",1966-02-09
N000373,Nurse_373,Surgery,8198070571,"309 Nurse St, City_41",1997-11-03
N000374,Nurse_374,Surgery,8549432513,"644 Nurse St, City_32",1967-10-23
N000375,Nurse_375,ICU,3003736367,"346 Nurse St, City_92",1961-03-12
N000376,Nurse_376,Surgery,7138352097,"358 Nurse St, City_15",1964-03-27
N000377,Nurse_377,General,2909124867,"110 Nurse St, City_52",1991-09-19
N000378,Nurse_378,ICU,2001728214,"548 Nurse St, City_71",1987-03-01
N000379,Nurse_379,ER,7305137377,"218 Nurse St, City_69",1983-03-01
N000380,Nurse_380,ICU,3264692609,"753 Nurse St, City_56",1999-11-12
N000381,Nurse_381,ICU,1896251875,"600 Nurse St, City_37",1997-07-06
N000382,Nurse_382,Pediatrics,3333430669,"957 Nurse St, City_53",1986-01-14
N000383,Nurse_383,General,4076134137,"644 Nurse St, City_27",1962-08-12
N000384,Nurse_384,ICU,9080596273,"529 Nurse St, City_81",1973-06-28
N000385,Nurse_385,ER,7771326105,"744 Nurse St, City_6",1972-03-18
N000386,Nurse_386,ICU,9079634682,"251 Nurse St, City_68",1996-01-08
N000387,Nurse_387,ICU,8347322454,"447 Nurse St, City_89",1968-02-07
N000388,Nurse_388,Pediatrics,7180836806,"331 Nurse St, City_44",1961-03-07
N000389,Nurse_389,ER,9551893219,"143 Nurse St, City_59",1993-07-04
N000390,Nurse_390,ER,3202641500,"719 Nurse St, City_25",1960-12-26
N000391,Nurse_391,Surgery,5683014884,"974 Nurse St, City_18",1978-03-27
N000392,Nurse_392,ICU,4546192416,"753 Nurse St, City_34",1971-06-11
N000393,Nurse_393,Surgery,3416144093,"252 Nurse St, City_7",1995-05-20
N000394,Nurse_394,General,9333461495,"379 Nurse St, City_11",1982-11-14
N000395,Nurse_395,Pediatrics,6748598827,"107 Nurse St, City_81",1974-09-12
N000396,Nurse_396,ICU,1179736163,"973 Nurse St, City_100",1996-09-25
N000397,Nurse_397,Surgery,1335637954,"208 Nurse St, City_67",1987-08-28
N000398,Nurse_398,ICU,8108474547,"327 Nurse St, City_98",1977-10-01
N000399,Nurse_399,ICU,9722529941,"860 Nurse St, City_12",1977-08-18
N000400,Nurse_400,Surgery,9229627445,"590 Nurse St, City_95",1962-12-04
N000401,Nurse_401,ICU,3372321028,"424 Nurse St, City_2",1965-06-18
N000402,Nurse_402,ER,8366982999,"721 Nurse St, City_4",1998-12-11
N000403,Nurse_403,Surgery,6235410428,"424 Nurse St, City_11",1985-02-20
N000404,Nurse_404,ICU,9070403604,"764 Nurse St, City_54",1969-06-04
N000405,Nurse_405,ICU,8897041041,"379 Nurse St, City_74",1972-03-12
N000406,Nurse_406,Pediatrics,9035636862,"457 Nurse St, City_3",1962-04-04
N000407,Nurse_407,Surgery,1194068164,"836 Nurse St, City_80",1961-02-12
N000408,Nurse_408,General,4085146442,"586 Nurse St, City_47",1996-11-19
N000409,Nurse_409,Pediatrics,3111978958,"882 Nurse St, City_69",1967-06-10
N000410,Nurse_410,General,3045368440,"291 Nurse St, City_44",1995-02-07
N000411,Nurse_411,ER,4295483677,"720 Nurse St, City_2",1988-03-14
N000412,Nurse_412,ICU,9954479819,"824 Nurse St, City_57",1984-02-18
N000413,Nurse_413,ER,3264397595,"162 Nurse St, City_47",1970-10-19
N000414,Nurse_414,Pediatrics,3073641881,"500 Nurse St, City_69",1972-02-19
N000415,Nurse_415,ICU,6257656605,"982 Nurse St, City_95",1964-12-22
N000416,Nurse_416,ICU,1724946777,"988 Nurse St, City_71",1988-10-18
N000417,Nurse_417,ER,9797521307,"694 Nurse St, City_57",1970-04-20
N000418,Nurse_418,ICU,7330228175,"838 Nurse St, City_11",1982-04-18
N000419,Nurse_419,ER,8410722141,"953 Nurse St, City_66",1997-12-31
N000420,Nurse_420,Surgery,7807927998,"913 Nurse St, City_16",1984-06-03
N000421,Nurse_421,Pediatrics,4954724519,"528 Nurse St, City_2",1988-04-03
N000422,Nurse_422,Pediatrics,5431336356,"443 Nurse St, City_48",1991-03-02
N000423,Nurse_423,ER,3291595083,"413 Nurse St, City_50",1999-11-15
N000424,Nurse_424,ICU,9602870953,"339 Nurse St, City_16",1973-10-25
N000425,Nurse_425,Surgery,9065648282,"860 Nurse St, City_77",1978-04-18
N000426,Nurse_426,ER,9494352298,"699 Nurse St, City_1",1962-08-17
N000427,Nurse_427,Pediatrics,5450947993,"623 Nurse St, City_64",1996-09-09
N000428,Nurse_428,Pediatrics,2794924668,"639 Nurse St, City_81",1995-04-24
N000429,Nurse_429,Surgery,7814969852,"139 Nurse St, City_77",1987-07-09
N000430,Nurse_430,ER,2449658234,"234 Nurse St, City_83",1961-06-06
N000431,Nurse_431,ICU,1488054603,"903 Nurse St, City_93",1963-03-15
N000432,Nurse_432,Pediatrics,4997743906,"622 Nurse St, City_20",1976-09-23
N000433,Nurse_433,Surgery,7006293253,"236 Nurse St, City_30",1998-12-29
N000434,Nurse_434,ER,7128780627,"156 Nurse St, City_74",1964-12-10
N000435,Nurse_435,ER,8955743768,"337 Nurse St, City_95",1990-04-19
N000436,Nurse_436,Pediatrics,5201908177,"457 Nurse St, City_13",1986-07-27
N000437,Nurse_437,ICU,3089366899,"901 Nurse St, City_95",1978-10-24
N000438,Nurse_438,ER,3434834537,"430 Nurse St, City_92",1968-03-29
N000439,Nurse_439,ER,1038286572,"901 Nurse St, City_32",1969-12-10
N000440,Nurse_440,Surgery,3382577367,"610 Nurse St, City_45",1961-08-11
N000441,Nurse_441,ER,1607908681,"208 Nurse St, City_32",1970-02-08
N000442,Nurse_442,ICU,6855595145,"935 Nurse St, City_11",1999-12-04
N000443,Nurse_443,ER,2526913472,"541 Nurse St, City_5",1985-09-05
N000444,Nurse_444,Pediatrics,8632064684,"828 Nurse St, City_79",1975-11-21
N000445,Nurse_445,ER,4018918449,"351 Nurse St, City_58",1986-02-24
N000446,Nurse_446,Surgery,3724474141,"791 Nurse St, City_48",1978-10-04
N000447,Nurse_447,ICU,6225819555,"109 Nurse St, City_1",1999-03-12
N000448,Nurse_448,General,1407073804,"287 Nurse St, City_24",1983-04-07
N000449,Nurse_449,Pediatrics,5974747463,"148 Nurse St, City_31",1974-08-12
N000450,Nurse_450,Pediatrics,3016871381,"732 Nurse St, City_65",1967-08-03
N000451,Nurse_451,Pediatrics,4955352822,"303 Nurse St, City_6",1978-02-10
N000452,Nurse_452,ER,4811516223,"662 Nurse St, City_69",1975-02-23
N000453,Nurse_453,ICU,5002285221,"409 Nurse St, City_90",1965-03-26
N000454,Nurse_454,ER,9392261419,"613 Nurse St, City_41",1967-06-21
N000455,Nurse_455,General,7634836965,"242 Nurse St, City_24",1962-05-06
N000456,Nurse_456,Surgery,1855528008,"717 Nurse St, City_26",1997-10-23
N000457,Nurse_457,ER,1953140539,"337 Nurse St, City_18",1971-09-11
N000458,Nurse_458,ER,3033053764,"243 Nurse St, City_15",1985-01-27
N000459,Nurse_459,Surgery,9291977131,"346 Nurse St, City_28",1999-05-25
N000460,Nurse_460,Pediatrics,6266496955,"228 Nurse St, City_60",1970-01-04
N000461,Nurse_461,ICU,6199083399,"387 Nurse St, City_87",1961-04-25
N000462,Nurse_462,Pediatrics,4878819024,"854 Nurse St, City_65",1973-12-04
N000463,Nurse_463,General,4002699933,"213 Nurse St, City_51",1990-04-20
N000464,Nurse_464,ER,4231883482,"980 Nurse St, City_61",1984-06-13
N000465,Nurse_465,ER,4548856968,"589 Nurse St, City_14",1975-03-27
N000466,Nurse_466,Pediatrics,2317570133,"204 Nurse St, City_52",1982-11-03
N000467,Nurse_467,ER,1969533285,"422 Nurse St, City_49",1995-01-07
N000468,Nurse_468,ICU,4281086992,"746 Nurse St, City_29",1982-04-14
N000469,Nurse_469,Surgery,9071808490,"728 Nurse St, City_86",1998-10-02
N000470,Nurse_470,General,8271620347,"878 Nurse St, City_27",1969-01-14
N000471,Nurse_471,Surgery,7697659501,"181 Nurse St, City_100",1991-02-19
N000472,Nurse_472,ER,2566488219,"749 Nurse St, City_19",1982-02-01
N000473,Nurse_473,Surgery,6263531776,"285 Nurse St, City_30",1981-04-20
N000474,Nurse_474,ICU,8677343320,"473 Nurse St, City_85",1998-09-17
N000475,Nurse_475,Surgery,7418862726,"213 Nurse St, City_56",1994-04-02
N000476,Nurse_476,ER,4462750154,"121 Nurse St, City_25",1982-09-05
N000477,Nurse_477,ER,3611517446,"606 Nurse St, City_84",1965-09-13
N000478,Nurse_478,Surgery,2028203134,"402 Nurse St, City_13",1973-05-03
N000479,Nurse_479,Surgery,6292183172,"387 Nurse St, City_70",1961-09-13
N000480,Nurse_480,ER,9286459767,"173 Nurse St, City_3",1999-07-02
N000481,Nurse_481,Surgery,4464101111,"753 Nurse St, City_49",1995-12-24
N000482,Nurse_482,General,5647657961,"899 Nurse St, City_74",1975-10-10
N000483,Nurse_483,ICU,9942851985,"515 Nurse St, City_11",1973-05-05
N000484,Nurse_484,Surgery,5061078633,"108 Nurse St, City_82",1960-07-03
N000485,Nurse_485,General,4538908942,"975 Nurse St, City_35",1985-11-23
N000486,Nurse_486,ER,7292126491,"984 Nurse St, City_50",1975-08-24
N000487,Nurse_487,Pediatrics,8710709337,"472 Nurse St, City_89",1994-07-16
N000488,Nurse_488,ER,3250059221,"373 Nurse St, City_69",1971-08-05
N000489,Nurse_489,Pediatrics,8556327187,"170 Nurse St, City_33",1976-08-06
N000490,Nurse_490,ER,6532938839,"554 Nurse St, City_71",1970-12-10
N000491,Nurse_491,General,2888279622,"262 Nurse St, City_68",1987-01-27
N000492,Nurse_492,ICU,6905195200,"529 Nurse St, City_99",1979-02-11
N000493,Nurse_493,Surgery,6723096117,"654 Nurse St, City_11",1982-02-24
N000494,Nurse_494,ICU,4195456222,"672 Nurse St, City_28",1976-01-05
N000495,Nurse_495,ER,8553631714,"908 Nurse St, City_52",1974-10-16
N000496,Nurse_496,Surgery,3570565430,"122 Nurse St, City_51",1965-12-14
N000497,Nurse_497,ICU,3358478313,"212 Nurse St, City_39",1995-04-16
N000498,Nurse_498,Pediatrics,2850302799,"395 Nurse St, City_69",1989-03-14
N000499,Nurse_499,ICU,6647057000,"896 Nurse St, City_76",1980-03-17
N000500,Nurse_500,ER,4894466286,"274 Nurse St, City_66",1971-02-16
N000501,Nurse_501,Surgery,8892823561,"511 Nurse St, City_23",1966-10-18
N000502,Nurse_502,ER,9628394533,"969 Nurse St, City_61",1966-08-04
N000503,Nurse_503,ER,4347904753,"566 Nurse St, City_45",1993-09-06
N000504,Nurse_504,ER,3328005526,"728 Nurse St, City_46",1963-01-04
N000505,Nurse_505,Surgery,1913524270,"617 Nurse St, City_54",1982-08-22
N000506,Nurse_506,ER,5518851234,"926 Nurse St, City_30",1993-06-25
N000507,Nurse_507,Surgery,9482407354,"247 Nurse St, City_71",1975-06-07
N000508,Nurse_508,Surgery,4822949023,"784 Nurse St, City_72",1972-05-23
N000509,Nurse_509,Surgery,5843300060,"443 Nurse St, City_73",1993-02-18
N000510,Nurse_510,Pediatrics,4339751085,"464 Nurse St, City_26",1999-09-19
N000511,Nurse_511,Surgery,4259922230,"271 Nurse St, City_74",1986-12-14
N000512,Nurse_512,ER,9300088683,"527 Nurse St, City_49",1985-05-24
N000513,Nurse_513,General,6379780778,"227 Nurse St, City_62",1974-05-03
N000514,Nurse_514,Pediatrics,6611848431,"340 Nurse St, City_71",1975-12-18
N000515,Nurse_515,ICU,3282002953,"224 Nurse St, City_60",1993-10-23
N000516,Nurse_516,Pediatrics,7539521065,"353 Nurse St, City_57",1990-07-20
N000517,Nurse_517,General,1885649220,"672 Nurse St, City_50",1980-07-31
N000518,Nurse_518,ICU,7475232082,"353 Nurse St, City_74",1976-07-16
N000519,Nurse_519,ICU,2757651604,"910 Nurse St, City_24",1999-11-02
N000520,Nurse_520,ICU,4955169602,"708 Nurse St, City_95",1997-11-24
N000521,Nurse_521,General,6679093998,"660 Nurse St, City_11",1987-01-21
N000522,Nurse_522,ER,7477164210,"346 Nurse St, City_49",1967-02-12
N000523,Nurse_523,Surgery,6783790520,"120 Nurse St, City_5",1985-09-01
N000524,Nurse_524,ICU,7640131625,"917 Nurse St, City_78",1974-08-29
N000525,Nurse_525,ER,1239584941,"220 Nurse St, City_100",1972-02-23
N000526,Nurse_526,Surgery,1837587483,"657 Nurse St, City_37",1985-02-21
N000527,Nurse_527,Surgery,6104028428,"917 Nurse St, City_47",1998-09-17
N000528,Nurse_528,General,8943072547,"413 Nurse St, City_15",1995-06-02
N000529,Nurse_529,ICU,6441823793,"881 Nurse St, City_17",1999-11-05
N000530,Nurse_530,General,6599980603,"468 Nurse St, City_53",1987-04-13
N000531,Nurse_531,ICU,8607834609,"226 Nurse St, City_91",1980-02-02
N000532,Nurse_532,Surgery,2958661845,"740 Nurse St, City_89",1961-09-11
N000533,Nurse_533,ICU,2787064771,"694 Nurse St, City_98",1987-04-18
N000534,Nurse_534,Surgery,1194898766,"355 Nurse St, City_91",1972-10-02
N000535,Nurse_535,Pediatrics,2292564653,"950 Nurse St, City_63",1998-06-21
N000536,Nurse_536,ICU,3022770206,"630 Nurse St, City_34",1972-11-01
N000537,Nurse_537,ICU,9622152239,"331 Nurse St, City_43",1969-03-24
N000538,Nurse_538,Surgery,2466617536,"292 Nurse St, City_64",1991-01-20
N000539,Nurse_539,Pediatrics,8382657890,"722 Nurse St, City_36",1973-07-14
N000540,Nurse_540,Surgery,8447902775,"381 Nurse St, City_3",1964-08-13
N000541,Nurse_541,ICU,7357128425,"687 Nurse St, City_96",1966-12-24
N000542,Nurse_542,ER,1152877443,"882 Nurse St, City_92",1999-12-26
N000543,Nurse_543,General,5236777569,"544 Nurse St, City_93",1963-09-22
N000544,Nurse_544,ER,6693018043,"697 Nurse St, City_12",1978-04-02
N000545,Nurse_545,ER,7600434394,"183 Nurse St, City_36",1970-07-19
N000546,Nurse_546,ER,1431766868,"410 Nurse St, City_53",1981-11-19
N000547,Nurse_547,ER,4624396932,"203 Nurse St, City_65",1971-06-09
N000548,Nurse_548,General,7401236031,"126 Nurse St, City_85",1995-07-30
N000549,Nurse_549,General,7474487815,"309 Nurse St, City_56",1999-02-03
N000550,Nurse_550,General,8401803486,"269 Nurse St, City_80",1963-03-18
N000551,Nurse_551,ER,5965894413,"985 Nurse St, City_72",1985-05-06
N000552,Nurse_552,ER,2156906692,"632 Nurse St, City_60",1981-12-10
N000553,Nurse_553,Pediatrics,5501501759,"804 Nurse St, City_45",1992-01-18
N000554,Nurse_554,ER,9360214819,"110 Nurse St, City_70",1999-04-11
N000555,Nurse_555,Surgery,2714989861,"175 Nurse St, City_72",1987-01-06
N000556,Nurse_556,ER,9603246583,"122 Nurse St, City_96",1961-04-25
N000557,Nurse_557,Surgery,9232069624,"891 Nurse St, City_27",1966-06-18
N000558,Nurse_558,Surgery,8190484644,"799 Nurse St, City_34",1966-04-04
N000559,Nurse_559,General,4281710599,"851 Nurse St, City_47",1996-08-12
N000560,Nurse_560,ER,9448019312,"848 Nurse St, City_55",1984-06-07
N000561,Nurse_561,ER,5767943479,"908 Nurse St, City_61",1986-10-27
N000562,Nurse_562,General,3754465301,"735 Nurse St, City_36",1967-02-20
N000563,Nurse_563,Surgery,5005316211,"965 Nurse St, City_84",1962-03-20
N000564,Nurse_564,Pediatrics,9769946870,"847 Nurse St, City_63",1999-02-23
N000565,Nurse_565,General,4119242512,"717 Nurse St, City_79",1993-10-03
N000566,Nurse_566,Pediatrics,8871297562,"820 Nurse St, City_17",1983-10-05
N000567,Nurse_567,General,8460128521,"406 Nurse St, City_21",1994-12-29
N000568,Nurse_568,Surgery,3482720456,"432 Nurse St, City_15",1972-03-11
N000569,Nurse_569,ER,9616742718,"728 Nurse St, City_2",1991-03-30
N000570,Nurse_570,General,2140899153,"125 Nurse St, City_10",1971-01-04
N000571,Nurse_571,ICU,5382913556,"557 Nurse St, City_98",1961-04-02
N000572,Nurse_572,General,4633022063,"363 Nurse St, City_91",1962-04-08
N000573,Nurse_573,ICU,9182527126,"813 Nurse St, City_74",1975-04-10
N000574,Nurse_574,Surgery,3414999062,"453 Nurse St, City_38",1978-04-20
N000575,Nurse_575,General,1964896239,"225 Nurse St, City_80",1987-10-11
N000576,Nurse_576,Pediatrics,7202992096,"814 Nurse St, City_53",1966-08-04
N000577,Nurse_577,Surgery,8588735791,"497 Nurse St, City_72",1991-06-03
N000578,Nurse_578,ICU,1377995217,"989 Nurse St, City_20",1971-02-08
N000579,Nurse_579,General,8308818127,"382 Nurse St, City_67",1983-03-15
N000580,Nurse_580,ER,2459183594,"635 Nurse St, City_21",1986-02-04
N000581,Nurse_581,General,7787816907,"514 Nurse St, City_80",1988-02-15
N000582,Nurse_582,Surgery,9323154991,"548 Nurse St, City_52",1986-12-14
N000583,Nurse_583,General,7950240439,"432 Nurse St, City_77",1990-03-10
N000584,Nurse_584,Surgery,1190350171,"364 Nurse St, City_39",1975-12-18
N000585,Nurse_585,General,9416471351,"931 Nurse St, City_10",1998-03-05
N000586,Nurse_586,Surgery,3258360656,"904 Nurse St, City_90",1992-04-02
N000587,Nurse_587,ICU,1534931212,"726 Nurse St, City_48",1963-10-02
N000588,Nurse_588,General,8289465545,"884 Nurse St, City_82",1961-02-16
N000589,Nurse_589,General,9461755530,"824 Nurse St, City_22",1991-06-14
N000590,Nurse_590,ICU,6625117874,"820 Nurse St, City_88",1991-05-09
N000591,Nurse_591,General,2388526592,"708 Nurse St, City_44",1991-06-22
N000592,Nurse_592,Surgery,8045940324,"506 Nurse St, City_58",1964-03-14
N000593,Nurse_593,General,2201829168,"682 Nurse St, City_59",1990-02-14
N000594,Nurse_594,General,2450280626,"590 Nurse St, City_54",1981-07-16
N000595,Nurse_595,ER,6146893821,"290 Nurse St, City_23",1965-10-12
N000596,Nurse_596,ICU,1156039748,"190 Nurse St, City_12",1981-05-26
N000597,Nurse_597,General,9668033743,"444 Nurse St, City_34",1988-06-22
N000598,Nurse_598,ER,8512952842,"606 Nurse St, City_41",1962-01-16
N000599,Nurse_599,Pediatrics,2275856039,"145 Nurse St, City_7",1976-02-23
N000600,Nurse_600,Pediatrics,5476323202,"407 Nurse St, City_53",1989-07-10
N000601,Nurse_601,General,8032815616,"349 Nurse St, City_33",1973-04-26
N000602,Nurse_602,ER,8622987167,"622 Nurse St, City_63",1991-04-26
N000603,Nurse_603,Surgery,4374494535,"361 Nurse St, City_37",1996-11-17
N000604,Nurse_604,General,8443186205,"680 Nurse St, City_74",1971-01-22
N000605,Nurse_605,Surgery,4994761976,"258 Nurse St, City_77",1973-07-27
N000606,Nurse_606,ICU,6870506243,"350 Nurse St, City_39",1990-01-21
N000607,Nurse_607,General,2615110584,"505 Nurse St, City_19",1990-02-24
N000608,Nurse_608,ER,7306727646,"216 Nurse St, City_76",1977-04-21
N000609,Nurse_609,ICU,6822901730,"877 Nurse St, City_10",1997-07-14
N000610,Nurse_610,General,4616665221,"766 Nurse St, City_70",1967-02-04
N000611,Nurse_611,ER,1488151886,"100 Nurse St, City_91",1995-12-28
N000612,Nurse_612,General,3753702819,"665 Nurse St, City_69",1983-03-10
N000613,Nurse_613,ER,7327191456,"635 Nurse St, City_51",1994-02-25
N000614,Nurse_614,ICU,8448090174,"545 Nurse St, City_82",1995-06-11
N000615,Nurse_615,ER,7938060546,"587 Nurse St, City_51",1992-02-20
N000616,Nurse_616,Surgery,9787066525,"133 Nurse St, City_82",1981-05-21
N000617,Nurse_617,General,8250389560,"520 Nurse St, City_29",1993-09-14
N000618,Nurse_618,ER,5013633797,"170 Nurse St, City_91",1964-05-22
N000619,Nurse_619,ICU,5289823015,"357 Nurse St, City_91",1993-12-14
N000620,Nurse_620,Pediatrics,5212715848,"710 Nurse St, City_74",1983-12-01
N000621,Nurse_621,Pediatrics,3713304587,"962 Nurse St, City_3",1986-07-05
N000622,Nurse_622,Pediatrics,1182318040,"713 Nurse St, City_67",1964-11-18
N000623,Nurse_623,ICU,9778149871,"849 Nurse St, City_8",1985-06-24
N000624,Nurse_624,ICU,2741372197,"443 Nurse St, City_99",1974-11-07
N000625,Nurse_625,Surgery,4495152599,"820 Nurse St, City_62",1964-02-18
N000626,Nurse_626,Surgery,1492094439,"629 Nurse St, City_22",1975-12-21
N000627,Nurse_627,Pediatrics,2471327572,"751 Nurse St, City_66",1996-04-08
N000628,Nurse_628,General,1477747882,"658 Nurse St, City_61",1981-06-23
N000629,Nurse_629,Surgery,5190938019,"808 Nurse St, City_45",1960-04-04
N000630,Nurse_630,General,1091274873,"884 Nurse St, City_27",1996-02-19
N000631,Nurse_631,General,8294087549,"750 Nurse St, City_89",1996-09-22
N000632,Nurse_632,General,3844773504,"918 Nurse St, City_24",1977-07-04
N000633,Nurse_633,ER,5531513721,"698 Nurse St, City_20",1960-05-31
N000634,Nurse_634,ER,3880591193,"404 Nurse St, City_74",1988-08-02
N000635,Nurse_635,ICU,8850173154,"548 Nurse St, City_41",1966-05-08
N000636,Nurse_636,General,4835133678,"805 Nurse St, City_69",1975-05-12
N000637,Nurse_637,ER,8861747206,"910 Nurse St, City_68",1965-01-28
N000638,Nurse_638,ICU,9851195200,"854 Nurse St, City_86",1984-09-25
N000639,Nurse_639,Pediatrics,4053552514,"398 Nurse St, City_52",1985-07-04
N000640,Nurse_640,Surgery,2856998837,"393 Nurse St, City_69",1967-04-22
N000641,Nurse_641,General,1464717358,"264 Nurse St, City_4",1962-12-07
N000642,Nurse_642,Pediatrics,3598319296,"817 Nurse St, City_93",1996-07-26
N000643,Nurse_643,General,2754618035,"304 Nurse St, City_3",1973-01-11
N000644,Nurse_644,General,3257738695,"324 Nurse St, City_23",1998-10-22
N000645,Nurse_645,General,2007915416,"123 Nurse St, City_48",1963-05-04
N000646,Nurse_646,ER,3590978831,"755 Nurse St, City_90",1986-01-31
N000647,Nurse_647,Pediatrics,2784467583,"446 Nurse St, City_49",1986-10-17
N000648,Nurse_648,General,4759148160,"210 Nurse St, City_34",1994-09-27
N000649,Nurse_649,ER,3168537701,"981 Nurse St, City_72",1975-07-02
N000650,Nurse_650,ER,5054393814,"622 Nurse St, City_52",1972-07-28
N000651,Nurse_651,Surgery,9519239441,"848 Nurse St, City_33",1963-12-25
N000652,Nurse_652,General,7081561313,"280 Nurse St, City_66",1963-05-30
N000653,Nurse_653,ICU,5708115502,"173 Nurse St, City_51",1971-09-27
N000654,Nurse_654,ICU,6521211540,"149 Nurse St, City_94",1963-07-26
N000655,Nurse_655,ER,7535127630,"242 Nurse St, City_50",1970-05-06
N000656,Nurse_656,General,9681415571,"550 Nurse St, City_85",1980-03-21
N000657,Nurse_657,Surgery,8186441284,"395 Nurse St, City_55",1997-05-07
N000658,Nurse_658,ICU,2201466498,"831 Nurse St, City_25",1986-08-18
N000659,Nurse_659,ER,9490330348,"225 Nurse St, City_42",1960-09-12
N000660,Nurse_660,General,8560679995,"988 Nurse St, City_43",1992-05-29
N000661,Nurse_661,ICU,6924728678,"182 Nurse St, City_22",1979-03-02
N000662,Nurse_662,Surgery,7877137055,"475 Nurse St, City_68",1984-04-28
N000663,Nurse_663,Surgery,4567145360,"988 Nurse St, City_57",1965-10-23
N000664,Nurse_664,ICU,5102642270,"390 Nurse St, City_98",1981-03-17
N000665,Nurse_665,General,7482167607,"147 Nurse St, City_63",1979-03-22
N000666,Nurse_666,ER,3712051126,"792 Nurse St, City_37",1990-11-09
N000667,Nurse_667,Pediatrics,5993094200,"740 Nurse St, City_50",1965-09-19
N000668,Nurse_668,ICU,2289815249,"429 Nurse St, City_40",1999-06-01
N000669,Nurse_669,Pediatrics,3651324689,"968 Nurse St, City_79",1981-06-11
N000670,Nurse_670,ICU,4042433470,"258 Nurse St, City_21",1977-04-27
N000671,Nurse_671,Pediatrics,3135461361,"655 Nurse St, City_33",1982-04-24
N000672,Nurse_672,Surgery,9242593997,"986 Nurse St, City_8",1970-09-13
N000673,Nurse_673,ICU,5952010250,"479 Nurse St, City_30",1990-12-01
N000674,Nurse_674,Surgery,5763572680,"884 Nurse St, City_36",1963-08-15
N000675,Nurse_675,ICU,8114931426,"515 Nurse St, City_98",1997-12-21
N000676,Nurse_676,General,1987208183,"207 Nurse St, City_94",1980-04-03
N000677,Nurse_677,ER,8737803168,"827 Nurse St, City_89",1975-12-04
N000678,Nurse_678,Surgery,5501568767,"889 Nurse St, City_29",1976-11-15
N000679,Nurse_679,Pediatrics,7941912243,"202 Nurse St, City_77",1982-05-09
N000680,Nurse_680,ICU,3591159251,"535 Nurse St, City_24",1994-01-03
N000681,Nurse_681,ER,6407580866,"175 Nurse St, City_27",1985-04-09
N000682,Nurse_682,Surgery,2679996101,"698 Nurse St, City_80",1999-09-01
N000683,Nurse_683,ER,1261745042,"255 Nurse St, City_57",1986-07-22
N000684,Nurse_684,ICU,3176939755,"446 Nurse St, City_35",1979-03-02
N000685,Nurse_685,ER,3685437270,"136 Nurse St, City_74",1969-06-07
N000686,Nurse_686,Surgery,2825112901,"804 Nurse St, City_82",1979-02-23
N000687,Nurse_687,ER,5661493911,"901 Nurse St, City_17",1994-08-28
N000688,Nurse_688,General,9157202352,"313 Nurse St, City_39",1997-05-05
N000689,Nurse_689,ICU,6401097758,"902 Nurse St, City_25",1999-03-14
N000690,Nurse_690,ER,4372074139,"118 Nurse St, City_14",1994-10-05
N000691,Nurse_691,Pediatrics,2754064360,"197 Nurse St, City_37",1969-05-27
N000692,Nurse_692,General,4636817375,"756 Nurse St, City_53",1999-06-27
N000693,Nurse_693,ER,7959872611,"579 Nurse St, City_90",1975-09-09
N000694,Nurse_694,ER,6250240706,"381 Nurse St, City_55",1966-05-15
N000695,Nurse_695,ER,8137403883,"142 Nurse St, City_12",1962-07-15
N000696,Nurse_696,ER,6168501169,"640 Nurse St, City_22",1968-08-09
N000697,Nurse_697,Pediatrics,1604993610,"699 Nurse St, City_29",1993-02-23
N000698,Nurse_698,Surgery,7138063253,"851 Nurse St, City_66",1998-03-27
N000699,Nurse_699,General,5497155659,"992 Nurse St, City_18",1964-06-23
N000700,Nurse_700,General,6125536457,"391 Nurse St, City_85",1981-06-11
N000701,Nurse_701,ER,4373864250,"266 Nurse St, City_45",1963-12-11
N000702,Nurse_702,ER,6863274153,"982 Nurse St, City_34",1986-05-20
N000703,Nurse_703,ER,6320435046,"827 Nurse St, City_83",1976-02-03
N000704,Nurse_704,Pediatrics,3736761752,"128 Nurse St, City_8",1988-07-09
N000705,Nurse_705,General,8613775056,"902 Nurse St, City_97",1975-12-23
N000706,Nurse_706,General,2032477831,"600 Nurse St, City_5",1987-08-30
N000707,Nurse_707,ICU,2502625939,"981 Nurse St, City_35",1994-02-24
N000708,Nurse_708,ER,2462829995,"755 Nurse St, City_67",1971-02-13
N000709,Nurse_709,General,4586927655,"350 Nurse St, City_29",1975-10-11
N000710,Nurse_710,Surgery,3573303167,"827 Nurse St, City_35",1995-01-11
N000711,Nurse_711,Pediatrics,9232364175,"758 Nurse St, City_64",1996-02-10
N000712,Nurse_712,General,5491245571,"894 Nurse St, City_2",1989-07-19
N000713,Nurse_713,ER,8110018499,"486 Nurse St, City_5",1961-12-24
N000714,Nurse_714,ICU,4637243121,"102 Nurse St, City_4",1988-05-11
N000715,Nurse_715,General,5863721020,"396 Nurse St, City_10",1985-04-07
N000716,Nurse_716,Surgery,4266392656,"792 Nurse St, City_69",1978-12-24
N000717,Nurse_717,ICU,3533517952,"650 Nurse St, City_13",1994-10-07
N000718,Nurse_718,ICU,1773280457,"411 Nurse St, City_14",1986-07-29
N000719,Nurse_719,General,9883487760,"214 Nurse St, City_31",1980-06-04
N000720,Nurse_720,ICU,3646088223,"990 Nurse St, City_76",1996-03-29
N000721,Nurse_721,ER,9898206229,"816 Nurse St, City_31",1973-05-01
N000722,Nurse_722,Pediatrics,3053939967,"423 Nurse St, City_38",1963-10-20
N000723,Nurse_723,Surgery,7203084908,"509 Nurse St, City_50",1984-12-20
N000724,Nurse_724,General,8581648765,"555 Nurse St, City_88",1983-09-08
N000725,Nurse_725,Pediatrics,6483398702,"964 Nurse St, City_59",1993-06-07
N000726,Nurse_726,ICU,3010640562,"225 Nurse St, City_20",1995-12-23
N000727,Nurse_727,Pediatrics,6167237605,"757 Nurse St, City_62",1960-10-08
N000728,Nurse_728,ICU,1619083775,"668 Nurse St, City_22",1987-01-01
N000729,Nurse_729,Surgery,9262995289,"825 Nurse St, City_85",1989-02-02
N000730,Nurse_730,ICU,4455959180,"648 Nurse St, City_53",1968-01-16
N000731,Nurse_731,ICU,9987894343,"275 Nurse St, City_39",1977-09-24
N000732,Nurse_732,ER,8464283304,"491 Nurse St, City_1",1973-05-11
N000733,Nurse_733,ICU,3743374928,"421 Nurse St, City_86",1994-02-28
N000734,Nurse_734,ICU,6251192129,"375 Nurse St, City_59",1982-12-07
N000735,Nurse_735,ICU,7602240128,"594 Nurse St, City_34",1985-01-30
N000736,Nurse_736,Surgery,4371639007,"522 Nurse St, City_85",1996-12-09
N000737,Nurse_737,ER,5497088243,"692 Nurse St, City_30",1979-07-10
N000738,Nurse_738,Pediatrics,2152422504,"957 Nurse St, City_73",1974-01-05
N000739,Nurse_739,Surgery,1745984848,"400 Nurse St, City_34",1984-04-15
N000740,Nurse_740,ICU,1675089347,"684 Nurse St, City_98",1963-01-07
N000741,Nurse_741,Pediatrics,4625760685,"381 Nurse St, City_63",1968-06-27
N000742,Nurse_742,Pediatrics,4369287943,"216 Nurse St, City_43",1972-10-07
N000743,Nurse_743,General,6788589108,"313 Nurse St, City_94",1974-02-10
N000744,Nurse_744,General,2287066443,"479 Nurse St, City_63",1972-11-29
N000745,Nurse_745,ICU,5495359934,"844 Nurse St, City_31",1961-02-02
N000746,Nurse_746,General,8706684207,"679 Nurse St, City_9",1998-04-21
N000747,Nurse_747,General,1661617827,"664 Nurse St, City_92",1970-10-06
N000748,Nurse_748,ER,8596839980,"501 Nurse St, City_87",1998-12-22
N000749,Nurse_749,Pediatrics,7300529119,"782 Nurse St, City_64",1993-02-27
N000750,Nurse_750,General,5003237182,"631 Nurse St, City_88",1999-05-07
N000751,Nurse_751,General,9797099739,"921 Nurse St, City_5",1973-11-13
N000752,Nurse_752,ER,9188473049,"154 Nurse St, City_19",1992-02-02
N000753,Nurse_753,General,8214343496,"246 Nurse St, City_74",1965-01-30
N000754,Nurse_754,ER,7889137651,"501 Nurse St, City_71",1980-05-23
N000755,Nurse_755,Pediatrics,5244635912,"825 Nurse St, City_53",1960-03-28
N000756,Nurse_756,ER,1665612337,"279 Nurse St, City_19",1967-08-30
N000757,Nurse_757,Pediatrics,3624780536,"833 Nurse St, City_19",1968-07-06
N000758,Nurse_758,Pediatrics,1995695266,"557 Nurse St, City_62",1961-11-02
N000759,Nurse_759,General,4047329842,"643 Nurse St, City_37",1983-10-08
N000760,Nurse_760,General,3709731949,"104 Nurse St, City_80",1967-10-12
N000761,Nurse_761,ER,5895375015,"904 Nurse St, City_4",1973-06-14
N000762,Nurse_762,ICU,9799309442,"144 Nurse St, City_82",1970-03-19
N000763,Nurse_763,ER,5655772516,"412 Nurse St, City_33",1974-05-14
N000764,Nurse_764,ER,8004516531,"373 Nurse St, City_11",1983-11-03
N000765,Nurse_765,ICU,9448732448,"237 Nurse St, City_11",1967-12-01
N000766,Nurse_766,General,3661983623,"650 Nurse St, City_61",1992-04-28
N000767,Nurse_767,Pediatrics,9284575418,"560 Nurse St, City_56",1972-03-07
N000768,Nurse_768,ER,6308375939,"150 Nurse St, City_92",1998-03-02
N000769,Nurse_769,General,5789633414,"769 Nurse St, City_62",1972-07-15
N000770,Nurse_770,Pediatrics,7950680065,"464 Nurse St, City_15",1960-12-15
N000771,Nurse_771,ER,6310872494,"631 Nurse St, City_86",1997-10-08
N000772,Nurse_772,Surgery,6863875051,"324 Nurse St, City_59",1961-03-05
N000773,Nurse_773,Surgery,6382290286,"184 Nurse St, City_50",1997-06-25
N000774,Nurse_774,Surgery,7181240268,"407 Nurse St, City_57",1981-01-27
N000775,Nurse_775,ICU,3609525886,"188 Nurse St, City_73",1996-04-22
N000776,Nurse_776,General,4185165360,"597 Nurse St, City_79",1995-01-13
N000777,Nurse_777,ER,5462772442,"327 Nurse St, City_6",1994-09-21
N000778,Nurse_778,Surgery,4930737518,"748 Nurse St, City_97",1985-07-24
N000779,Nurse_779,General,2717545214,"770 Nurse St, City_27",1996-03-13
N000780,Nurse_780,ER,6596969417,"117 Nurse St, City_48",1962-10-07
N000781,Nurse_781,General,6978015086,"916 Nurse St, City_26",1968-07-14
N000782,Nurse_782,Surgery,5427623296,"593 Nurse St, City_89",1974-10-20
N000783,Nurse_783,ER,3458832011,"289 Nurse St, City_89",1972-02-07
N000784,Nurse_784,Surgery,8433759307,"499 Nurse St, City_85",1991-01-27
N000785,Nurse_785,ER,5783481023,"633 Nurse St, City_13",1969-12-16
N000786,Nurse_786,General,1172359552,"545 Nurse St, City_46",1972-05-02
N000787,Nurse_787,Surgery,2331681859,"874 Nurse St, City_37",1978-09-15
N000788,Nurse_788,Surgery,3945385098,"677 Nurse St, City_81",1964-02-20
N000789,Nurse_789,ICU,4494825874,"162 Nurse St, City_90",1968-08-08
N000790,Nurse_790,ER,3346530889,"361 Nurse St, City_61",1977-06-20
N000791,Nurse_791,Pediatrics,1673621791,"589 Nurse St, City_28",1996-05-04
N000792,Nurse_792,ER,1172663991,"140 Nurse St, City_10",1988-09-15
N000793,Nurse_793,ICU,4534279178,"472 Nurse St, City_93",1992-12-07
N000794,Nurse_794,Pediatrics,6326474878,"496 Nurse St, City_33",1993-03-17
N000795,Nurse_795,General,1676067836,"705 Nurse St, City_59",1984-10-17
N000796,Nurse_796,ICU,2518363288,"703 Nurse St, City_80",1970-02-21
N000797,Nurse_797,Pediatrics,3808709345,"755 Nurse St, City_49",1982-11-07
N000798,Nurse_798,Pediatrics,8847419260,"335 Nurse St, City_51",1999-03-31
N000799,Nurse_799,Surgery,2866272982,"449 Nurse St, City_56",1968-01-02
N000800,Nurse_800,ER,2732820386,"565 Nurse St, City_43",1989-07-31
N000801,Nurse_801,Pediatrics,5662125565,"328 Nurse St, City_97",1961-04-23
N000802,Nurse_802,ICU,9586502262,"974 Nurse St, City_23",1967-11-13
N000803,Nurse_803,ICU,6158537037,"304 Nurse St, City_76",1981-08-26
N000804,Nurse_804,Surgery,8300024511,"749 Nurse St, City_23",1987-12-31
N000805,Nurse_805,General,5483647501,"719 Nurse St, City_46",1999-08-16
N000806,Nurse_806,Surgery,1992764647,"871 Nurse St, City_31",1987-09-17
N000807,Nurse_807,General,5745228336,"733 Nurse St, City_62",1987-05-17
N000808,Nurse_808,General,8126326370,"972 Nurse St, City_82",1990-06-27
N000809,Nurse_809,General,8621733048,"523 Nurse St, City_32",1969-09-13
N000810,Nurse_810,General,9582775119,"949 Nurse St, City_14",1993-02-02
N000811,Nurse_811,General,5899949547,"571 Nurse St, City_98",1996-06-18
N000812,Nurse_812,ER,8765889268,"160 Nurse St, City_39",1962-01-24
N000813,Nurse_813,ER,5353010954,"369 Nurse St, City_22",1979-05-03
N000814,Nurse_814,ER,9123137354,"537 Nurse St, City_83",1962-03-15
N000815,Nurse_815,General,3915912055,"373 Nurse St, City_99",1970-04-09
N000816,Nurse_816,ICU,6555498509,"922 Nurse St, City_65",1999-07-13
N000817,Nurse_817,ER,2656674164,"129 Nurse St, City_100",1977-09-12
N000818,Nurse_818,ICU,3736720241,"423 Nurse St, City_84",1982-08-28
N000819,Nurse_819,Pediatrics,1945374515,"293 Nurse St, City_86",1986-09-08
N000820,Nurse_820,Pediatrics,6067146562,"293 Nurse St, City_35",1997-12-01
N000821,Nurse_821,ICU,2458548494,"402 Nurse St, City_23",1987-08-16
N000822,Nurse_822,ICU,9505469728,"697 Nurse St, City_77",1968-06-21
N000823,Nurse_823,ER,7119147404,"394 Nurse St, City_46",1991-05-12
N000824,Nurse_824,General,7108195866,"530 Nurse St, City_6",1999-06-19
N000825,Nurse_825,General,3655348280,"666 Nurse St, City_24",1993-03-09
N000826,Nurse_826,Pediatrics,7042726229,"836 Nurse St, City_13",1981-10-12
N000827,Nurse_827,ER,6207988752,"343 Nurse St, City_37",1982-06-19
N000828,Nurse_828,Pediatrics,3386382496,"268 Nurse St, City_20",1989-07-16
N000829,Nurse_829,ICU,6557003832,"497 Nurse St, City_48",1988-10-16
N000830,Nurse_830,Surgery,5479140973,"149 Nurse St, City_51",1974-08-26
N000831,Nurse_831,Surgery,7555675998,"702 Nurse St, City_91",1985-07-07
N000832,Nurse_832,Surgery,9900620423,"748 Nurse St, City_46",1966-03-12
N000833,Nurse_833,Surgery,6800647640,"480 Nurse St, City_68",1980-07-21
N000834,Nurse_834,Pediatrics,1674115457,"574 Nurse St, City_9",1983-04-15
N000835,Nurse_835,ICU,2669872035,"758 Nurse St, City_9",1989-12-09
N000836,Nurse_836,ICU,2645598379,"839 Nurse St, City_73",1970-12-27
N000837,Nurse_837,Surgery,9401463900,"113 Nurse St, City_74",1976-04-01
N000838,Nurse_838,General,4151157805,"441 Nurse St, City_70",1974-07-17
N000839,Nurse_839,Pediatrics,1351409345,"304 Nurse St, City_27",1990-07-31
N000840,Nurse_840,ICU,9304537272,"363 Nurse St, City_39",1968-11-10
N000841,Nurse_841,ER,3891902868,"542 Nurse St, City_98",1990-01-31
N000842,Nurse_842,ER,8988388353,"452 Nurse St, City_55",1987-04-19
N000843,Nurse_843,General,5493939521,"423 Nurse St, City_43",1988-08-21
N000844,Nurse_844,Surgery,6007849321,"734 Nurse St, City_46",1983-12-12
N000845,Nurse_845,General,8649376212,"249 Nurse St, City_52",1960-08-27
N000846,Nurse_846,General,5522309213,"139 Nurse St, City_42",1983-08-03
N000847,Nurse_847,Surgery,5627676496,"505 Nurse St, City_92",1965-07-03
N000848,Nurse_848,ER,3090336630,"886 Nurse St, City_15",1983-04-08
N000849,Nurse_849,Surgery,5436880612,"808 Nurse St, City_9",1976-08-09
N000850,Nurse_850,Surgery,9739741149,"110 Nurse St, City_86",1993-07-22
N000851,Nurse_851,Surgery,2793339212,"366 Nurse St, City_22",1990-02-10
N000852,Nurse_852,Surgery,3947105988,"210 Nurse St, City_39",1971-04-10
N000853,Nurse_853,ICU,1681019186,"944 Nurse St, City_96",1999-01-08
N000854,Nurse_854,ER,1015686759,"248 Nurse St, City_30",1985-04-04
N000855,Nurse_855,Surgery,9881746615,"421 Nurse St, City_20",1971-11-03
N000856,Nurse_856,ER,8254252867,"483 Nurse St, City_21",1989-07-07
N000857,Nurse_857,General,7499275744,"110 Nurse St, City_11",1996-06-23
N000858,Nurse_858,Surgery,6600397389,"282 Nurse St, City_71",1984-05-04
N000859,Nurse_859,Surgery,8258092167,"944 Nurse St, City_83",1985-08-30
N000860,Nurse_860,General,1100662409,"470 Nurse St, City_30",1973-10-17
N000861,Nurse_861,General,8079031078,"648 Nurse St, City_7",1983-08-26
N000862,Nurse_862,Pediatrics,8153427322,"477 Nurse St, City_39",1961-04-25
N000863,Nurse_863,General,2429068354,"337 Nurse St, City_71",1988-01-28
N000864,Nurse_864,Surgery,4057706747,"730 Nurse St, City_13",1981-11-20
N000865,Nurse_865,Surgery,7740152707,"740 Nurse St, City_96",1983-11-13
N000866,Nurse_866,ER,7227848961,"820 Nurse St, City_96",1972-07-03
N000867,Nurse_867,ICU,6879957224,"175 Nurse St, City_86",1973-09-27
N000868,Nurse_868,Pediatrics,5402586321,"829 Nurse St, City_24",1998-12-31
N000869,Nurse_869,Pediatrics,6672263183,"643 Nurse St, City_24",1987-09-11
N000870,Nurse_870,ER,7392611782,"549 Nurse St, City_75",1998-02-14
N000871,Nurse_871,Surgery,4031061771,"196 Nurse St, City_57",1969-05-26
N000872,Nurse_872,Pediatrics,5978152803,"742 Nurse St, City_13",1986-09-29
N000873,Nurse_873,Pediatrics,2393287401,"894 Nurse St, City_34",1998-07-16
N000874,Nurse_874,ER,9371492695,"323 Nurse St, City_3",1967-02-07
N000875,Nurse_875,General,6526639043,"229 Nurse St, City_98",1991-05-19
N000876,Nurse_876,Surgery,7326246655,"951 Nurse St, City_100",1983-03-24
N000877,Nurse_877,ICU,8344669712,"564 Nurse St, City_42",1979-01-11
N000878,Nurse_878,Surgery,3123242446,"241 Nurse St, City_56",1975-10-16
N000879,Nurse_879,ER,1858502624,"741 Nurse St, City_19",1981-08-08
N000880,Nurse_880,General,8058290582,"123 Nurse St, City_61",1986-05-23
N000881,Nurse_881,ER,7325583365,"619 Nurse St, City_22",1996-01-11
N000882,Nurse_882,ICU,9584617687,"412 Nurse St, City_92",1982-01-19
N000883,Nurse_883,ICU,7769608730,"851 Nurse St, City_28",1970-10-05
N000884,Nurse_884,Pediatrics,8295097791,"670 Nurse St, City_86",1984-06-18
N000885,Nurse_885,Pediatrics,7324943098,"603 Nurse St, City_77",1988-05-30
N000886,Nurse_886,Surgery,1930852134,"242 Nurse St, City_56",1968-06-11
N000887,Nurse_887,ER,3329967742,"910 Nurse St, City_82",1992-11-26
N000888,Nurse_888,ER,5699301483,"774 Nurse St, City_92",1980-12-17
N000889,Nurse_889,ICU,9366846340,"645 Nurse St, City_70",1962-08-11
N000890,Nurse_890,General,8260215781,"529 Nurse St, City_7",1993-12-05
N000891,Nurse_891,ICU,9520027514,"287 Nurse St, City_4",1965-04-19
N000892,Nurse_892,ER,4733396245,"696 Nurse St, City_29",1972-10-16
N000893,Nurse_893,ICU,7112616538,"224 Nurse St, City_90",1999-12-14
N000894,Nurse_894,Surgery,1646235841,"899 Nurse St, City_48",1972-03-28
N000895,Nurse_895,Pediatrics,4046032519,"780 Nurse St, City_4",1986-06-19
N000896,Nurse_896,ER,2782279508,"521 Nurse St, City_93",1961-08-04
N000897,Nurse_897,Pediatrics,1947204377,"801 Nurse St, City_11",1988-07-04
N000898,Nurse_898,ER,9512707643,"496 Nurse St, City_17",1997-08-21
N000899,Nurse_899,Pediatrics,4608965956,"122 Nurse St, City_95",1984-12-15
N000900,Nurse_900,Pediatrics,5884137936,"993 Nurse St, City_38",1970-05-07
N000901,Nurse_901,General,2803314270,"165 Nurse St, City_85",1990-08-07
N000902,Nurse_902,General,2669800374,"360 Nurse St, City_82",1965-02-16
N000903,Nurse_903,ER,3942240698,"484 Nurse St, City_31",1966-10-05
N000904,Nurse_904,General,8684857067,"434 Nurse St, City_9",1994-12-25
N000905,Nurse_905,ER,4641625111,"594 Nurse St, City_44",1975-02-10
N000906,Nurse_906,ICU,9669087280,"596 Nurse St, City_8",1973-03-26
N000907,Nurse_907,General,2115492959,"923 Nurse St, City_38",1969-09-08
N000908,Nurse_908,General,3703713383,"383 Nurse St, City_95",1966-12-16
N000909,Nurse_909,ICU,1289731080,"192 Nurse St, City_39",1976-09-15
N000910,Nurse_910,Surgery,9497233871,"349 Nurse St, City_78",1967-04-09
N000911,Nurse_911,Surgery,8968766095,"579 Nurse St, City_42",1968-02-23
N000912,Nurse_912,Pediatrics,2009438722,"365 Nurse St, City_30",1991-09-25
N000913,Nurse_913,General,7043867482,"926 Nurse St, City_17",1969-03-31
N000914,Nurse_914,ER,5965367658,"936 Nurse St, City_36",1982-03-09
N000915,Nurse_915,ER,8114705180,"387 Nurse St, City_23",1992-12-18
N000916,Nurse_916,Pediatrics,1502036020,"905 Nurse St, City_46",1986-08-16
N000917,Nurse_917,Surgery,4314133051,"818 Nurse St, City_10",1998-12-09
N000918,Nurse_918,General,1422770845,"857 Nurse St, City_28",1982-04-06
N000919,Nurse_919,ICU,5086373476,"341 Nurse St, City_38",1982-04-04
N000920,Nurse_920,Surgery,3775573951,"514 Nurse St, City_49",1975-09-14
N000921,Nurse_921,ER,9640836927,"770 Nurse St, City_19",1963-05-31
N000922,Nurse_922,ICU,6955891137,"371 Nurse St, City_34",1981-12-26
N000923,Nurse_923,Pediatrics,7590484410,"320 Nurse St, City_55",1969-06-28
N000924,Nurse_924,Pediatrics,5511781747,"692 Nurse St, City_52",1962-04-13
N000925,Nurse_925,Pediatrics,9268651668,"258 Nurse St, City_21",1994-11-23
N000926,Nurse_926,Surgery,3579717652,"618 Nurse St, City_75",1985-10-29
N000927,Nurse_927,Surgery,8259558192,"106 Nurse St, City_57",1975-06-09
N000928,Nurse_928,Surgery,4269557450,"232 Nurse St, City_93",1975-08-13
N000929,Nurse_929,Pediatrics,2655877653,"271 Nurse St, City_7",1960-10-05
N000930,Nurse_930,ER,4118793308,"859 Nurse St, City_24",1971-09-10
N000931,Nurse_931,Pediatrics,1746460737,"287 Nurse St, City_16",1975-11-01
N000932,Nurse_932,ICU,9234000985,"632 Nurse St, City_5",1969-05-28
N000933,Nurse_933,Surgery,6267718237,"525 Nurse St, City_13",1962-07-28
N000934,Nurse_934,Surgery,8264386734,"692 Nurse St, City_36",1960-03-14
N000935,Nurse_935,Pediatrics,7274759939,"644 Nurse St, City_29",1974-03-22
N000936,Nurse_936,ICU,7136918241,"819 Nurse St, City_77",1972-11-06
N000937,Nurse_937,ICU,3203489662,"904 Nurse St, City_22",1993-02-08
N000938,Nurse_938,General,3868180512,"701 Nurse St, City_88",1995-11-20
N000939,Nurse_939,Pediatrics,1287437578,"400 Nurse St, City_43",1964-08-29
N000940,Nurse_940,Pediatrics,2471917420,"200 Nurse St, City_29",1973-05-20
N000941,Nurse_941,Pediatrics,5376997272,"485 Nurse St, City_62",1981-03-29
N000942,Nurse_942,ER,2142956197,"106 Nurse St, City_64",1998-05-23
N000943,Nurse_943,ICU,1531998218,"943 Nurse St, City_44",1997-04-01
N000944,Nurse_944,Surgery,2622817199,"804 Nurse St, City_62",1983-09-04
N000945,Nurse_945,Surgery,3567581308,"127 Nurse St, City_62",1965-02-07
N000946,Nurse_946,General,5142413877,"247 Nurse St, City_87",1970-05-05
N000947,Nurse_947,ICU,5855114620,"410 Nurse St, City_72",1965-04-21
N000948,Nurse_948,Pediatrics,2430967835,"250 Nurse St, City_89",1987-04-07
N000949,Nurse_949,Pediatrics,5565361885,"477 Nurse St, City_73",1982-09-29
N000950,Nurse_950,Surgery,6409305396,"817 Nurse St, City_79",1967-03-24
N000951,Nurse_951,Pediatrics,3907274279,"132 Nurse St, City_34",1974-04-30
N000952,Nurse_952,Surgery,6362408459,"904 Nurse St, City_84",1997-08-11
N000953,Nurse_953,Pediatrics,5399878509,"574 Nurse St, City_29",1988-11-20
N000954,Nurse_954,ER,6783212128,"718 Nurse St, City_91",1976-06-20
N000955,Nurse_955,ICU,1749364072,"230 Nurse St, City_80",1997-05-28
N000956,Nurse_956,ICU,7762840353,"815 Nurse St, City_31",1967-12-17
N000957,Nurse_957,ICU,1367215975,"726 Nurse St, City_90",1996-03-16
N000958,Nurse_958,Pediatrics,1494501270,"266 Nurse St, City_52",1976-12-10
N000959,Nurse_959,Surgery,7060164732,"976 Nurse St, City_23",1991-05-30
N000960,Nurse_960,ICU,9683819920,"399 Nurse St, City_56",1970-10-14
N000961,Nurse_961,ER,9698119087,"603 Nurse St, City_18",1967-10-25
N000962,Nurse_962,ER,8643401091,"601 Nurse St, City_79",1998-10-26
N000963,Nurse_963,Surgery,5549353363,"470 Nurse St, City_17",1988-08-10
N000964,Nurse_964,ER,1774183797,"435 Nurse St, City_75",1976-08-26
N000965,Nurse_965,General,7303073215,"371 Nurse St, City_90",1965-08-21
N000966,Nurse_966,Surgery,4580799190,"218 Nurse St, City_64",1963-03-04
N000967,Nurse_967,Pediatrics,5543373670,"613 Nurse St, City_93",1991-05-31
N000968,Nurse_968,ER,5788033846,"180 Nurse St, City_64",1975-11-19
N000969,Nurse_969,ICU,6362697087,"843 Nurse St, City_5",1976-04-10
N000970,Nurse_970,Pediatrics,6800949708,"552 Nurse St, City_75",1979-03-08
N000971,Nurse_971,ICU,4165402983,"735 Nurse St, City_78",1972-10-19
N000972,Nurse_972,ER,6971807612,"303 Nurse St, City_27",1983-11-08
N000973,Nurse_973,Pediatrics,9189845090,"175 Nurse St, City_81",1976-05-23
N000974,Nurse_974,Surgery,2345449310,"762 Nurse St, City_51",1984-05-19
N000975,Nurse_975,Pediatrics,8951910128,"720 Nurse St, City_78",1962-05-15
N000976,Nurse_976,Pediatrics,7822280946,"520 Nurse St, City_71",1991-01-30
N000977,Nurse_977,ER,3328688081,"297 Nurse St, City_100",1965-06-13
N000978,Nurse_978,General,5437681445,"147 Nurse St, City_8",1968-08-20
N000979,Nurse_979,ICU,4449107529,"558 Nurse St, City_100",1995-03-17
N000980,Nurse_980,General,2717943919,"750 Nurse St, City_16",1976-10-27
N000981,Nurse_981,ER,1115726556,"730 Nurse St, City_93",1993-05-18
N000982,Nurse_982,ER,3087946619,"401 Nurse St, City_30",1976-11-08
N000983,Nurse_983,General,3746463203,"584 Nurse St, City_74",1995-11-09
N000984,Nurse_984,Surgery,3089376446,"154 Nurse St, City_54",1962-10-09
N000985,Nurse_985,ICU,3753380711,"521 Nurse St, City_19",1973-01-29
N000986,Nurse_986,General,4818528713,"348 Nurse St, City_88",1960-09-22
N000987,Nurse_987,ER,4936506569,"836 Nurse St, City_22",1978-04-22
N000988,Nurse_988,Pediatrics,1120062965,"906 Nurse St, City_63",1989-06-08
N000989,Nurse_989,ICU,4777200017,"745 Nurse St, City_47",1991-11-08
N000990,Nurse_990,ICU,1613302361,"410 Nurse St, City_49",1984-10-21
N000991,Nurse_991,ER,5928477717,"133 Nurse St, City_36",1981-06-07
N000992,Nurse_992,ER,1867507883,"872 Nurse St, City_89",1983-10-17
N000993,Nurse_993,General,4700859465,"842 Nurse St, City_84",1975-12-07
N000994,Nurse_994,Pediatrics,9146394986,"117 Nurse St, City_94",1982-07-16
N000995,Nurse_995,ICU,4903237752,"195 Nurse St, City_92",1962-04-08
N000996,Nurse_996,General,4573415327,"513 Nurse St, City_44",1972-08-28
N000997,Nurse_997,Surgery,5996446297,"365 Nurse St, City_8",1991-03-16
N000998,Nurse_998,Surgery,8870195093,"536 Nurse St, City_17",1971-01-09
N000999,Nurse_999,General,6583501827,"238 Nurse St, City_48",1983-05-01
N001000,Nurse_1000,Pediatrics,4490240057,"249 Nurse St, City_49",1983-07-27
